{"cameraMode":{"drawMode":0,"name":"Shaded","section":"Shading Mode"},"sceneLighting":true,"audioPlay":false,"sceneViewState":{"m_AlwaysRefresh":false,"showFog":true,"showSkybox":true,"showFlares":true,"showImageEffects":true,"showParticleSystems":true,"showVisualEffectGraphs":true,"m_FxEnabled":true},"in2DMode":false,"pivot":{"x":3.8334691524505617,"y":2.9283947944641115,"z":3.1457772254943849},"rotation":{"x":-0.24594451487064362,"y":0.6676141023635864,"z":-0.24987773597240449,"w":-0.6568689942359924},"size":9.883901596069336,"orthographic":true}